Model	pTM+ipTM
ranked_0	0.7398919624346482
ranked_1	0.7243263495159754
ranked_2	0.71930411833374
ranked_3	0.6794832345512909
ranked_4	0.6606965801783258
