Model	pTM+ipTM
ranked_0    0.7367564072858329
ranked_1    0.7241391225322176
ranked_2    0.7219040554046028
ranked_3    0.7187025793761123
ranked_4    0.7169317225607009
