{
    "iptm+ptm": {
        "model_1_multimer_v3_pred_0": 0.7242754425664638,
        "model_1_multimer_v3_pred_1": 0.6551614923827384,
        "model_1_multimer_v3_pred_2": 0.649942738935928,
        "model_1_multimer_v3_pred_3": 0.4982403027878917,
        "model_1_multimer_v3_pred_4": 0.6738188150476837,
        "model_2_multimer_v3_pred_0": 0.6057063799674097,
        "model_2_multimer_v3_pred_1": 0.614356907170363,
        "model_2_multimer_v3_pred_2": 0.5731066532023564,
        "model_2_multimer_v3_pred_3": 0.558450762847127,
        "model_2_multimer_v3_pred_4": 0.5804389651573614,
        "model_3_multimer_v3_pred_0": 0.5327909491389583,
        "model_3_multimer_v3_pred_1": 0.5319253056666021,
        "model_3_multimer_v3_pred_2": 0.571009869915945,
        "model_3_multimer_v3_pred_3": 0.5397886412324946,
        "model_3_multimer_v3_pred_4": 0.4948329310065772,
        "model_4_multimer_v3_pred_0": 0.5513276175826269,
        "model_4_multimer_v3_pred_1": 0.5408943307154144,
        "model_4_multimer_v3_pred_2": 0.6021555432742802,
        "model_4_multimer_v3_pred_3": 0.5423092444442957,
        "model_4_multimer_v3_pred_4": 0.6007284487219384,
        "model_5_multimer_v3_pred_0": 0.6132580999265158,
        "model_5_multimer_v3_pred_1": 0.6411050874561516,
        "model_5_multimer_v3_pred_2": 0.6415085657414595,
        "model_5_multimer_v3_pred_3": 0.6146707156576411,
        "model_5_multimer_v3_pred_4": 0.6458285020382746
    },
    "order": [
        "model_1_multimer_v3_pred_0",
        "model_1_multimer_v3_pred_4",
        "model_1_multimer_v3_pred_1",
        "model_1_multimer_v3_pred_2",
        "model_5_multimer_v3_pred_4",
        "model_5_multimer_v3_pred_2",
        "model_5_multimer_v3_pred_1",
        "model_5_multimer_v3_pred_3",
        "model_2_multimer_v3_pred_1",
        "model_5_multimer_v3_pred_0",
        "model_2_multimer_v3_pred_0",
        "model_4_multimer_v3_pred_2",
        "model_4_multimer_v3_pred_4",
        "model_2_multimer_v3_pred_4",
        "model_2_multimer_v3_pred_2",
        "model_3_multimer_v3_pred_2",
        "model_2_multimer_v3_pred_3",
        "model_4_multimer_v3_pred_0",
        "model_4_multimer_v3_pred_3",
        "model_4_multimer_v3_pred_1",
        "model_3_multimer_v3_pred_3",
        "model_3_multimer_v3_pred_0",
        "model_3_multimer_v3_pred_1",
        "model_1_multimer_v3_pred_3",
        "model_3_multimer_v3_pred_4"
    ]
}