Model	pTM+ipTM
ranked_0	0.7242754425664638
ranked_1	0.6738188150476837
ranked_2	0.6551614923827384
ranked_3	0.649942738935928
ranked_4	0.6458285020382746
