Model	pTM+ipTM
ranked_0    0.7405564365683653
ranked_1    0.7297552671152455
ranked_2    0.7200140910696238
ranked_3    0.715578601759924
ranked_4    0.7124968108248813
